{
  "chart": {
    "title": "CO₂ emissions per capita",
    "citation": "Global Carbon Budget (2025); Population based on various sources (2024)",
    "originalChartUrl": "https://ourworldindata.org/grapher/co-emissions-per-capita?overlay=download-data&v=1&csvType=filtered&useColumnShortNames=false",
    "selection": [
      "World",
      "United States",
      "United Kingdom",
      "European Union (27)",
      "India",
      "China",
      "South Africa",
      "Canada",
      "Kenya"
    ]
  },
  "columns": {
    "Annual CO₂ emissions (per capita)": {
      "titleShort": "CO₂ emissions per capita",
      "titleLong": "CO₂ emissions per capita",
      "descriptionShort": "Carbon dioxide (CO₂) emissions from [burning fossil fuels and industrial processes](#dod:fossilemissions). This includes emissions from transport, electricity generation, and heating, but not [land-use change](#dod:land-use-change-emissions).",
      "descriptionKey": [
        "Carbon dioxide (CO₂) is the primary [greenhouse gas](#dod:ghgemissions) causing climate change.",
        "Global CO₂ emissions have stayed just below five tonnes per person for over a decade. But across countries, emissions vary widely, rising in some, falling in others.",
        "Fossil fuel burning is the main source of CO₂ emissions. This data includes [fossil CO₂ emissions](#dod:fossilemissions) from activities such as transport, electricity generation, and heating.",
        "These figures don't include CO₂ emissions from [changes in land use](#dod:land-use-change-emissions), like deforestation or reforestation.",
        "Emissions from international aviation and shipping are not included in the data for any individual country or region. They are only counted in the global total.",
        "This data is based on territorial emissions, meaning the emissions produced within a country's borders, but not those from imported goods. For example, emissions from imported steel are counted in the country where the steel is produced. To learn more and look at emissions adjusted for trade, read our article: [How do CO₂ emissions compare when we adjust for trade?](https://ourworldindata.org/consumption-based-co2)",
        "The data comes from the Global Carbon Budget. Fossil CO₂ emissions are estimated using national statistics on energy use — such as coal, oil, and gas consumption — and industrial production, particularly cement. These figures are converted into CO₂ emissions using standardized emission factors. For more details, read [the Global Carbon Budget paper](https://doi.org/10.5194/essd-15-5301-2023).",
        "CO₂ emissions per capita are calculated by dividing emissions by population. They represent the average emissions per person in a country or region. To learn more about how different metrics capture the distribution of CO₂ emissions, read our article: [Per capita, national, historical: how do countries compare on CO2 metrics?](https://ourworldindata.org/co2-emissions-metrics)"
      ],
      "descriptionProcessing": "- Global emissions are converted from tonnes of carbon to tonnes of carbon dioxide (CO₂) using a factor of 3.664. This is the conversion factor [recommended by the Global Carbon Project](https://globalcarbonbudgetdata.org/downloads/jGJH0-data/Global+Carbon+Budget+v2024+Dataset+Descriptions.pdf). It reflects that one tonne of carbon, when fully oxidized, forms 3.664 tonnes of CO₂, based on the relative molecular weights of carbon and oxygen in CO₂.\n- Emissions from the 1991 Kuwaiti oil fires are included in Kuwait's emissions for that year.- To calculate CO₂ emissions per capita, we divide the original data by a country's estimated population. These estimates come from our population dataset based on [multiple sources](https://ourworldindata.org/population-sources).",
      "shortUnit": "t/person",
      "unit": "tonnes per person",
      "timespan": "1750-2024",
      "type": "Numeric",
      "owidVariableId": 1119914,
      "shortName": "emissions_total_per_capita",
      "lastUpdated": "2025-11-13",
      "nextUpdate": "2026-11-13",
      "citationShort": "Global Carbon Budget (2025); Population based on various sources (2024) – with major processing by Our World in Data",
      "citationLong": "Global Carbon Budget (2025); Population based on various sources (2024) – with major processing by Our World in Data. “CO₂ emissions per capita” [dataset]. Global Carbon Project, “Global Carbon Budget v15”; Various sources, “Population” [original data].",
      "fullMetadata": "https://api.ourworldindata.org/v1/indicators/1119914.metadata.json"
    }
  },
  "dateDownloaded": "2025-12-16",
  "activeFilters": {
    "overlay": "download-data"
  }
}